Question,Answer
What is the average price of a 2 BHK flat in Mumbai?,The average price of a 2 BHK flat in Mumbai ranges from ₹1.2 Cr to ₹2.5 Cr depending on the location.
Are there any upcoming real estate projects in Pune?,"Yes, Pune has several upcoming projects in Hinjewadi, Wakad, and Kharadi."
What documents are required to buy a property in India?,"You need the sale deed, title deed, property tax receipts, and encumbrance certificate."
How can I check the RERA registration of a property?,You can check it on the official state RERA website using the project's RERA number.
What is carpet area and how is it calculated?,"Carpet area is the actual usable area within the walls of the apartment. It excludes walls, balconies, and common areas."
Is GST applicable on property purchases in India?,"Yes, GST is applicable on under-construction properties at 5% without ITC for residential properties."
What is the difference between built-up and super built-up area?,"Built-up area includes carpet area and wall thickness, while super built-up also includes common areas."
How can I apply for a home loan in India?,"You can apply through banks or housing finance companies with income proof, ID proof, and property documents."
What is stamp duty and how is it calculated?,"Stamp duty is a state tax on property transactions, usually 5-7% of the property value."
Can NRIs buy property in India?,"Yes, NRIs can buy residential and commercial properties but not agricultural land."
Which are the best locations to invest in Bangalore real estate?,"Whitefield, Sarjapur Road, and Electronic City are top investment areas."
What are the benefits of investing in real estate in India?,"Appreciation, rental income, and tax benefits are key advantages."
Is it better to rent or buy a house in India?,"It depends on your financial situation, location, and long-term plans."
How do I verify property ownership in India?,"Check the title deed, encumbrance certificate, and municipal records."
What is the process of property registration in India?,"It involves stamp duty payment, document submission, and registration at the sub-registrar’s office."
What is a leasehold vs freehold property?,"Freehold gives full ownership, while leasehold is ownership for a certain period, often 99 years."
How can I find rental properties in India?,"You can use platforms like MagicBricks, 99acres, or contact local brokers."
What is a circle rate?,"Circle rate is the minimum value at which property can be registered, set by the state government."
Can I buy agricultural land in India?,Only farmers or those with special permission can buy agricultural land in most states.
What are the tax benefits on home loans?,You get tax deductions on principal (Section 80C) and interest (Section 24) repayments.
What is property mutation?,Mutation is the process of updating the land revenue records after property transfer.
How long does it take to register a property?,Property registration usually takes 1-2 days after document submission.
What is an encumbrance certificate?,It certifies that the property is free from legal or monetary liabilities.
Can I get a joint home loan?,"Yes, you can apply jointly with your spouse or family member for better loan eligibility."
What are ready-to-move-in properties?,These are fully constructed properties available for immediate possession.
How can I check property prices in a locality?,"You can check real estate portals, government records, or consult local agents."
Are there any restrictions for foreign nationals buying property in India?,"Yes, foreign nationals need approval from the RBI to buy property in India."
What is a sale agreement?,A sale agreement outlines terms and conditions of the property transaction between buyer and seller.
What is a title deed?,It is a legal document proving ownership of the property.
What is a property tax?,It is a tax paid annually to the municipal authority for owning property.
Can I buy property with a Power of Attorney?,Only if the Power of Attorney is registered and grants explicit rights to sell or buy property.
What is home loan pre-approval?,It's a preliminary evaluation of your eligibility before choosing a property.
What are the steps to buy a property in India?,"Identify property, verify documents, sign agreement, register property, and take possession."
How do I transfer property ownership?,"Through sale, gift, or inheritance, followed by registration and mutation."
What is the importance of due diligence in property buying?,It helps avoid legal issues and ensures a clear title.
How do I choose a good real estate agent?,"Look for local experience, verified listings, and positive reviews."
What are the common property scams in India?,"Fake listings, illegal constructions, and duplicate documents are common scams."
How do I calculate EMI for a home loan?,"Use an online EMI calculator with loan amount, interest rate, and tenure."
Can I sell a property under loan?,"Yes, but you need to settle the loan or transfer it to the buyer."
What is the ideal down payment for a house?,Usually 10-20% of the property value.
Is registration mandatory for property purchase?,"Yes, property registration is legally required for ownership transfer."
Can I rent out my property to a company?,"Yes, through a commercial lease agreement."
How can I increase the resale value of my property?,"Renovations, location improvements, and legal clarity help increase value."
What is a builder-buyer agreement?,It is a legal contract between the builder and buyer detailing the terms of sale.
Can I buy property under a minor’s name?,"Yes, but a natural guardian must represent the minor."
Are online property listings reliable?,"They can be helpful, but always verify through site visits and documents."
What is Benami property?,"Benami property is held under someone else’s name to conceal ownership, and it is illegal."
What is a Khata certificate?,Khata is a document showing property ownership and used for paying property taxes.
Can I claim HRA if I own a house?,"Yes, if you live in a rented house and your owned house is in another city."
What is the difference between a flat and an apartment?,"In India, the terms are often used interchangeably, but 'flat' is more commonly used."
Can I negotiate the price of a property?,"Yes, property prices in India are often negotiable depending on the seller and market conditions."
What is a pre-launch property?,"It's a project launched by a builder before official approvals, usually offered at lower prices."
Are property prices expected to rise in 2025?,"Prices depend on market trends, interest rates, and local development. Experts predict a moderate rise."
What is the benefit of buying a property in a gated community?,"Security, amenities, and maintenance services are key benefits."
What is a land title?,It is a legal document that proves ownership and rights over a piece of land.
What does carpet area include?,It includes the floor area inside the apartment where a carpet can be laid.
How to verify if a builder is trustworthy?,"Check past projects, RERA registration, online reviews, and completion history."
What is the ideal rental yield in India?,Rental yields typically range from 2-4% annually.
Can I buy a property with cryptocurrency in India?,"Cryptocurrency is not legal tender in India, and property transactions must be in INR."
What is FAR or FSI?,Floor Area Ratio (FAR) or Floor Space Index (FSI) determines how much construction is allowed on a plot.
What should be included in a rent agreement?,"Tenant and owner details, duration, rent, security deposit, and terms should be clearly mentioned."
Is it mandatory to register a rent agreement?,"Yes, for agreements over 11 months, registration is recommended or required in some states."
How to check if a property has legal disputes?,"Check court records, consult a lawyer, and verify documents with the sub-registrar office."
What is a housing society?,It is a residential community with shared amenities and a managing committee.
Are online property valuations accurate?,"They provide estimates, but on-ground verification is essential for accuracy."
What is dual ownership?,It refers to joint ownership of property by two or more individuals.
What are circle rates in Delhi?,"Circle rates are government-notified minimum property rates, varying by area."
Can I rent my property on Airbnb in India?,"Yes, but you must comply with local regulations and housing society rules."
What is a deed of conveyance?,It is a document transferring ownership from seller to buyer.
What is a sub-registrar office?,It is a government office where property registration takes place.
What is an occupancy certificate?,It certifies that a building is fit for occupancy after construction.
How do I get a home loan sanction letter?,"After document verification, banks issue a sanction letter with loan terms."
What is the maximum tenure for home loans in India?,Typically up to 30 years.
How is property tax calculated?,"Based on location, size, usage, and municipal rules."
Can I prepay my home loan?,"Yes, and many banks do not charge prepayment penalties on floating-rate loans."
How do I inherit property in India?,Through a will or legal succession under inheritance laws.
What is a gift deed?,It is a legal document used to voluntarily transfer property ownership without exchange.
Is it safe to invest in pre-leased commercial property?,"Yes, it provides stable rental income but verify lease terms and tenant credibility."
What is the role of a notary in property deals?,Notaries attest documents but do not register property. Registration must be done at the sub-registrar office.
What are the benefits of RERA for homebuyers?,"RERA ensures transparency, timely delivery, and protection of buyer interests."
What is an NOC in real estate?,A No Objection Certificate from authorities or society is required for legal clearances.
What are the charges for property registration?,"It includes stamp duty, registration fees, and lawyer charges."
How can I track home loan status?,You can check online using your application ID or visit the lender’s branch.
Is a possession letter the same as an occupancy certificate?,"No, a possession letter is from the builder; an occupancy certificate is from the municipal authority."
What is a builder floor?,"It is a residential unit on a specific floor in a low-rise building, often with independent access."
Can I take two home loans at the same time?,"Yes, if your income and credit profile support the repayment."
How does credit score affect home loans?,Higher credit scores lead to better interest rates and easier approval.
Can I change the ownership of property without selling?,"Yes, through a gift deed, inheritance, or relinquishment deed."
What is the role of a society transfer certificate?,It is required to transfer property ownership within a cooperative housing society.
Can I get a home loan without income proof?,It is difficult but possible through alternative documentation or co-applicants.
What is the impact of inflation on real estate?,Inflation generally increases property and construction costs.
Are there penalties for delayed property possession?,"Yes, under RERA, builders must compensate buyers for delays."
How to claim tax deductions on home loans?,Submit interest and principal statements from the lender while filing ITR.
What is an under-construction property?,A property that is still being built and not yet ready for possession.
Can I rent property for commercial use?,"Yes, if the property is approved for commercial use."
What is a resale property?,A previously owned property that is being sold again.
How is property jointly owned by spouses managed?,Both have equal legal rights and share in sale or inheritance.
Can I use EPF to buy a home?,"Yes, EPF funds can be used for home loan repayment or to buy a house under certain conditions."
What is a property allotment letter?,It is issued by a developer to confirm allotment of a property to the buyer.
What is a resale agreement?,It is an agreement between a property owner and a new buyer for a previously owned property.
How do I update property records after buying?,Apply for mutation of property at the local municipal office.
What is an escrow account in real estate?,It is a third-party account to hold buyer payments until project milestones are met.
What are developer maintenance charges?,These are fees for maintenance services until the society takes over.
What is an EWS flat?,Economically Weaker Section flats are affordable housing units provided under government schemes.
What is a construction-linked plan?,Payments are made to the builder as per the progress in construction.
Can I cancel a property booking?,"Yes, but cancellation charges may apply as per the builder’s policy."
What is a joint development agreement?,It is a contract between landowners and developers to construct and share property.
What is the penalty for not registering a property?,Unregistered properties can’t be legally transferred and may incur fines.
What are maintenance charges in apartments?,Fees paid for upkeep of common areas and amenities.
What is a deed of partition?,It legally divides jointly held property among co-owners.
What is a patta?,A patta is a legal document issued by the government proving land ownership in Tamil Nadu.
How long is a home loan sanction letter valid?,Typically for 60 to 90 days.
What is a valuation certificate?,It is issued by a registered valuer estimating the market value of a property.
What is property flipping?,Buying and quickly reselling property for profit.
Can I sell a gifted property?,"Yes, if the property is registered in your name."
What is an ancestral property?,Property inherited up to four generations from a common ancestor.
What is a title insurance?,It protects against losses due to defects in property title.
What is a development authority?,A government body that plans and regulates urban development.
What is property lien?,A legal claim on property for unpaid debts.
Can I convert leasehold to freehold?,"Yes, by applying to the relevant development authority with necessary documents."
What is a home inspection?,A detailed check of property condition before purchase.
What is a society share certificate?,Proof of ownership in a cooperative housing society.
What is stamp duty refund process?,Apply to the stamp office with proof of cancellation and original documents.
What is a land survey number?,A unique ID assigned to a land parcel by the revenue department.
Can a minor own property?,"Yes, but legal guardian manages it until the minor turns 18."
What is a succession certificate?,Issued by courts to claim movable property of the deceased.
What are the risks of buying unapproved layouts?,"Risk of demolition, legal issues, and lack of civic amenities."
How is TDS applicable on property purchases?,1% TDS must be deducted on property purchases over ₹50 lakhs.
What is a building completion certificate?,Issued by the municipal authority certifying completion as per approved plans.
What is a NALA conversion?,Conversion of agricultural land to non-agricultural use.
What is FAR violation?,Construction beyond the permissible Floor Area Ratio limits.
What is a power of attorney (POA)?,A legal document allowing one person to act on another’s behalf.
What is the use of Form 16B in property buying?,It is issued by the buyer to the seller for TDS deducted on property purchase.
What is the difference between carpet and built-up area?,Carpet is usable area; built-up includes carpet plus walls and utility areas.
How do I calculate property appreciation?,By comparing current market value with original purchase price.
What are the rules for tenant eviction?,Must follow tenancy laws; legal notice and court order may be needed.
Can a company own residential property?,"Yes, but it must be used for employee housing or investment."
What is sub-letting?,When a tenant rents out the property to another person without owner's permission.
How to verify builder credentials?,"Check RERA number, past projects, reviews, and litigation history."
Can agricultural land be converted for housing?,"Yes, with permission from local development authorities."
What is mortgage registration?,It involves registering the mortgage deed with the sub-registrar.
Can I claim home loan benefits for second house?,"Yes, under Section 24 and 80C with specific conditions."
What is composite loan?,It covers land purchase and house construction under a single loan.
How to verify land measurement?,Through land survey and comparison with government records.
What is the impact of metro connectivity on property prices?,Improved connectivity usually increases property demand and prices.
What are the available 2BHK flats in Hyderabad? ,"We have several 2BHK flats available in Hyderabad, ranging from ₹40 lakhs to ₹80 lakhs. Please specify your preferred locality for more details. "
Are there any gated community villas in Chennai? ,"Yes, Chennai offers multiple gated community villas, especially in OMR, ECR, and Porur areas."
Do you have commercial properties for rent in Pune? ,"Yes, we offer several commercial properties in Pune. Please share your area preference and budget."
What documents are required to buy a property in India? ,"Typically, you'll need the sale deed, title deed, encumbrance certificate, property tax receipts, and identity/address proofs."
How do I verify property ownership? ,You can verify ownership through the local municipal office or online portals using the property’s survey number.
Is stamp duty mandatory when purchasing a house?,"Yes, paying stamp duty is mandatory to register the property legally under your name."
How can I apply for a home loan? ,You can apply for a home loan through banks or financial institutions with the necessary income and identity documents. 
What is the minimum CIBIL score for a home loan? ,A CIBIL score of 700 and above is generally considered good for a home loan.
Can NRIs get home loans in India? ,"Yes, many Indian banks offer home loans to NRIs with specific eligibility conditions. "
What is the typical security deposit for rentals in Pune? ,"In Pune, landlords usually ask for a security deposit equivalent to 2-3 months' rent."
Can I get a furnished flat for rent in Bangalore? ,"Yes, furnished flats are widely available in Bangalore, especially near IT hubs. "
Is rent agreement registration mandatory? ,"Yes, in most states, rental agreements longer than 11 months must be registered."
How do I list my property for sale? ,You can list it on online real estate portals or contact a local real estate agent. 
Do I need to pay tax when selling a property? ,"Yes, capital gains tax may be applicable depending on the duration of ownership."
What documents are needed to sell a house? ,"Sale deed, property tax receipts, and identity/address proofs are required."
"Are there good schools near Whitefield, Bangalore? ","Yes, Whitefield has schools like The Deens Academy, Vydehi School, and more."
"What is the crime rate in Andheri, Mumbai? ",Andheri is considered a relatively safe locality with good police patrolling.
Which areas in Hyderabad are good for families? ,"Areas like Gachibowli, Kukatpally, and Miyapur are popular among families. "
Can I schedule a property visit this weekend? ,Absolutely! Please provide your preferred date and time.
Is a virtual tour available for properties?,"Yes, we can arrange virtual tours for most listed properties."
Do I need to pay before visiting a property? ,"No, property visits are free of charge and can be scheduled as per your convenience. "
